Name,AGI,NCBI,Sequence,Length,Tm,GC,AmpliconSize,Location,ExonJunction
APX2\_ej4\_F,AT3G09640,NM\_001035587.2,GCCGTTAGGCTTCTTGACCC,20,58.9,60.00,146,Exon 3,Yes
APX2\_ej4\_R,,,GGCTCAACTTTGTCCAGTCTACC,23,58.9,52.17,,Exon 4,Yes
GAPC2\_5\'\_F,AT1G13440,NM\_101214.3,TCGGAAGAATCGGTCGTTTGG,21,58.5,52.38,105,Exon 2,Yes
GAPC2\_5\'\_R,,,TGTATGTCATGTACTCGGTGG,21,55.0,47.62,,Exon 3,Yes
ELIP2\_F\_UPL101,AT4G14690,NM\_117551.2,CCACCACAAATGCCACAG,18,54.5,55.56,73,Exon 2,Yes
ELIP2\_R\_UPL101,,,GCAAATCTCCAAACTTCGTACTC,23,55.9,43.48,,Exon 3,Yes
PP2AA3\_3\'\_F,AT1G13320,NM\_001035958.1,CGACCAAGCGGTTGTGGAGA,20,60.6,60.00,161,Exon 11-12,Yes
PP2AA3\_3\'\_R,,,CACAATTCGTTGCTGTCTTCTTT,23,56.2,39.13,,Exon 13,Yes
LHCB1.4\_F,AT2G34430.1,NM\_128995.2,TCCTCTCCTGCTTTGACCGG,20,59.4,60.00,87,Exon 1,No
LHCB1.4\_R,,,TTTGCGCATGGTGATTCGGC,20,60.4,55.00,,Exon 1,No
KM\_ELIP1\_F,AT3G22840.1,NM\_113183.3,AGATGCATGGCTGAGGGAGG,20,59.5,60.00,136,Exon 1-2,Yes
KM\_ELIP1\_R,,,AGTCGCTAAACTTTGTGCTCACC,23,59.4,47.83,,Exon 2-3,Yes
HSP20Fam\_F,AT2G29500.1,NM\_128504.3,CGTGTGGAGAGATCGAGTGG,20,57.8,60.00,134,Exon 1,No
HSP20Fam\_R,,,GCCTTCTTAGTCTCAGCCTTAGG,23,58.0,52.17,,Exon 1,No
